{"activityId":22825061919,"typeKey":"running","name":"Darmstadt Running","startTimeLocal":"2023-12-28 16:19:28","summary":{"duration":2449.741,"movingDuration":2381.824,"elapsedDuration":2449.741,"distance":4944.39,"calories":365.0,"bmrCalories":113.0,"averageHR":119.0,"maxHR":139.0,"minHR":72.0,"averageSpeed":2.0179998874664307,"maxSpeed":2.8269999027252193,"averageMovingSpeed":2.075883886771164,"elevationGain":48.36,"elevationLoss":56.55,"maxElevation":180.0,"minElevation":136.8,"avgElevation":158.39,"trainingEffect":2.4000000953674316,"anaerobicTrainingEffect":0.0,"trainingEffectLabel":"RECOVERY","aerobicTrainingEffectMessage":"MINOR_AEROBIC_BENEFIT_0","anaerobicTrainingEffectMessage":"NO_ANAEROBIC_BENEFIT_0","activityTrainingLoad":38.35545349121094,"waterEstimated":355.0,"averageTemperature":18.60272946926253,"maxTemperature":30.0,"minTemperature":15.0,"avgRespirationRate":26.56999969482422,"maxRespirationRate":35.40999984741211,"minRespirationRate":13.979999542236328},"running":{"averageRunCadence":149.6875,"maxRunCadence":174.0,"strideLength":82.15,"steps":5954,"groundContactTime":327.8999938964844,"groundContactBalanceLeft":49.72999954223633,"verticalOscillation":7.490000152587891,"verticalRatio":9.140000343322754,"maxVerticalSpeed":0.399993896484375},"laps":[{"lapIndex":1,"distance":1000.0,"duration":564.077,"movingDuration":540.0,"elapsedDuration":564.077,"averageSpeed":1.7730000019073489,"maxSpeed":2.6410000324249263,"averageHR":118.0,"maxHR":136.0,"calories":74.0,"elevationGain":15.52,"elevationLoss":0.0,"averageRunCadence":133.515625,"strideLength":80.64000244140625,"groundContactTime":389.79998779296875,"verticalOscillation":6.300000000000001,"verticalRatio":7.920000076293945},{"lapIndex":2,"distance":1000.0,"duration":518.405,"movingDuration":518.405,"elapsedDuration":518.405,"averageSpeed":1.9290000200271606,"maxSpeed":2.257999897003174,"averageHR":127.0,"maxHR":139.0,"calories":78.0,"elevationGain":15.23,"elevationLoss":0.0,"averageRunCadence":154.96875,"strideLength":74.45,"groundContactTime":324.29998779296875,"verticalOscillation":7.45999984741211,"verticalRatio":10.039999961853027},{"lapIndex":3,"distance":1000.0,"duration":437.686,"movingDuration":436.0,"elapsedDuration":437.686,"averageSpeed":2.2850000858306885,"maxSpeed":2.5290000438690186,"averageHR":113.0,"maxHR":122.0,"calories":70.0,"elevationGain":2.08,"elevationLoss":26.12,"averageRunCadence":164.5,"strideLength":84.65,"groundContactTime":296.6000061035156,"verticalOscillation":7.95,"verticalRatio":9.260000228881836},{"lapIndex":4,"distance":1000.0,"duration":514.154,"movingDuration":472.0,"elapsedDuration":514.154,"averageSpeed":1.9450000524520874,"maxSpeed":2.753000020980835,"averageHR":115.0,"maxHR":129.0,"calories":70.0,"elevationGain":9.81,"elevationLoss":18.57,"averageRunCadence":145.265625,"strideLength":80.04000244140626,"groundContactTime":330.8999938964844,"verticalOscillation":7.530000305175782,"verticalRatio":9.449999809265137},{"lapIndex":5,"distance":944.39,"duration":415.419,"movingDuration":415.419,"elapsedDuration":415.419,"averageSpeed":2.2730000019073486,"maxSpeed":2.8269999027252193,"averageHR":121.0,"maxHR":135.0,"calories":72.0,"elevationGain":5.84,"elevationLoss":11.43,"averageRunCadence":153.890625,"strideLength":93.54000244140626,"groundContactTime":321.70001220703125,"verticalOscillation":7.890000152587891,"verticalRatio":8.350000381469727}],"hrZones":[{"zone":1,"secs":382.989,"floor":92},{"zone":2,"secs":1656.374,"floor":111},{"zone":3,"secs":385.0,"floor":129},{"zone":4,"secs":0.0,"floor":148},{"zone":5,"secs":0.0,"floor":166}]}