{"activityId":22825079493,"typeKey":"running","name":"Darmstadt Running","startTimeLocal":"2024-03-30 14:31:49","summary":{"duration":2448.534,"movingDuration":2351.0,"elapsedDuration":2448.534,"distance":5178.78,"calories":384.0,"bmrCalories":57.0,"averageHR":118.0,"maxHR":138.0,"minHR":78.0,"averageSpeed":2.115000009536743,"maxSpeed":2.7809998989105225,"averageMovingSpeed":2.202798717633454,"elevationGain":47.25,"elevationLoss":64.5,"maxElevation":180.4,"minElevation":132.2,"avgElevation":155.69,"trainingEffect":2.5999999046325684,"anaerobicTrainingEffect":0.0,"trainingEffectLabel":"AEROBIC_BASE","aerobicTrainingEffectMessage":"MAINTAINING_AEROBIC_FITNESS_1","anaerobicTrainingEffectMessage":"NO_ANAEROBIC_BENEFIT_0","activityTrainingLoad":46.828277587890625,"waterEstimated":381.0,"averageTemperature":22.512310993722025,"maxTemperature":28.0,"minTemperature":20.0,"avgRespirationRate":26.68000030517578,"maxRespirationRate":32.84000015258789,"minRespirationRate":15.220000267028809},"running":{"averageRunCadence":150.921875,"maxRunCadence":175.0,"strideLength":86.05000000000001,"steps":5978,"groundContactTime":320.6000061035156,"groundContactBalanceLeft":50.060001373291016,"verticalOscillation":7.769999694824219,"verticalRatio":9.020000457763672,"maxVerticalSpeed":0.25},"laps":[{"lapIndex":1,"distance":1000.0,"duration":513.902,"movingDuration":505.0,"elapsedDuration":513.902,"averageSpeed":1.9459999799728394,"maxSpeed":2.4539999961853027,"averageHR":95.0,"maxHR":120.0,"calories":69.0,"elevationGain":12.15,"elevationLoss":1.35,"averageRunCadence":136.1875,"strideLength":84.65999755859376,"groundContactTime":393.1000061035156,"verticalOscillation":6.469999694824219,"verticalRatio":7.340000152587891},{"lapIndex":2,"distance":1000.0,"duration":467.132,"movingDuration":459.0,"elapsedDuration":467.132,"averageSpeed":2.1410000324249268,"maxSpeed":2.63100004196167,"averageHR":121.0,"maxHR":136.0,"calories":78.0,"elevationGain":15.52,"elevationLoss":0.0,"averageRunCadence":155.203125,"strideLength":82.99000244140626,"groundContactTime":323.1000061035156,"verticalOscillation":7.969999694824219,"verticalRatio":9.550000190734863},{"lapIndex":3,"distance":1000.0,"duration":451.071,"movingDuration":451.0,"elapsedDuration":451.071,"averageSpeed":2.2170000076293945,"maxSpeed":2.7809998989105225,"averageHR":121.0,"maxHR":133.0,"calories":70.0,"elevationGain":2.19,"elevationLoss":32.08,"averageRunCadence":159.609375,"strideLength":88.15,"groundContactTime":304.70001220703125,"verticalOscillation":8.030000305175781,"verticalRatio":9.029999732971191},{"lapIndex":4,"distance":1000.0,"duration":460.397,"movingDuration":436.0,"elapsedDuration":460.397,"averageSpeed":2.171999931335449,"maxSpeed":2.7060000896453853,"averageHR":126.0,"maxHR":138.0,"calories":78.0,"elevationGain":10.03,"elevationLoss":12.24,"averageRunCadence":155.765625,"strideLength":86.05000000000001,"groundContactTime":291.3999938964844,"verticalOscillation":8.25,"verticalRatio":9.520000457763672},{"lapIndex":5,"distance":1000.0,"duration":455.087,"movingDuration":420.0,"elapsedDuration":455.087,"averageSpeed":2.197000026702881,"maxSpeed":2.753000020980835,"averageHR":126.0,"maxHR":135.0,"calories":74.0,"elevationGain":3.57,"elevationLoss":16.17,"averageRunCadence":153.34375,"strideLength":88.45999755859376,"groundContactTime":296.0,"verticalOscillation":8.05,"verticalRatio":9.390000343322754},{"lapIndex":6,"distance":178.78,"duration":100.945,"movingDuration":80.0,"elapsedDuration":100.945,"averageSpeed":1.7710000276565552,"maxSpeed":2.556999921798706,"averageHR":123.0,"maxHR":135.0,"calories":15.0,"elevationGain":2.36,"elevationLoss":1.33,"averageRunCadence":132.109375,"strideLength":86.22999877929688,"groundContactTime":344.5,"verticalOscillation":7.490000152587891,"verticalRatio":9.40999984741211}],"hrZones":[{"zone":1,"secs":264.999,"floor":92},{"zone":2,"secs":1445.64,"floor":111},{"zone":3,"secs":506.999,"floor":129},{"zone":4,"secs":0.0,"floor":148},{"zone":5,"secs":0.0,"floor":166}]}