{"activityId":22825063153,"typeKey":"running","name":"Darmstadt Running","startTimeLocal":"2023-12-30 14:59:16","summary":{"duration":2881.672,"movingDuration":2542.654,"elapsedDuration":2881.672,"distance":5451.53,"calories":435.0,"bmrCalories":68.0,"averageHR":125.0,"maxHR":151.0,"minHR":70.0,"averageSpeed":1.8919999599456787,"maxSpeed":2.874000072479248,"averageMovingSpeed":2.1440313164722316,"elevationGain":55.09,"elevationLoss":58.77,"maxElevation":235.2,"minElevation":199.2,"avgElevation":215.4,"trainingEffect":2.700000047683716,"anaerobicTrainingEffect":0.0,"trainingEffectLabel":"AEROBIC_BASE","aerobicTrainingEffectMessage":"MAINTAINING_AEROBIC_BASE_7","anaerobicTrainingEffectMessage":"NO_ANAEROBIC_BENEFIT_0","activityTrainingLoad":51.14520263671875,"waterEstimated":441.0,"averageTemperature":20.48285859066302,"maxTemperature":29.0,"minTemperature":18.0,"avgRespirationRate":28.280000686645508,"maxRespirationRate":38.66999816894531,"minRespirationRate":18.549999237060547},"running":{"averageRunCadence":141.34375,"maxRunCadence":256.0,"strideLength":81.9,"steps":6530,"groundContactTime":315.0,"groundContactBalanceLeft":50.119998931884766,"verticalOscillation":7.630000305175781,"verticalRatio":9.210000038146973,"maxVerticalSpeed":0.399993896484375},"laps":[{"lapIndex":1,"distance":1000.0,"duration":537.814,"movingDuration":518.0,"elapsedDuration":537.814,"averageSpeed":1.8589999675750735,"maxSpeed":2.5469999313354488,"averageHR":104.0,"maxHR":130.0,"calories":74.0,"elevationGain":17.64,"elevationLoss":2.22,"averageRunCadence":137.6875,"strideLength":82.25999755859375,"groundContactTime":393.70001220703125,"verticalOscillation":6.240000152587891,"verticalRatio":7.409999847412109},{"lapIndex":2,"distance":1000.0,"duration":508.926,"movingDuration":491.0,"elapsedDuration":508.926,"averageSpeed":1.965000033378601,"maxSpeed":2.434999942779541,"averageHR":130.0,"maxHR":138.0,"calories":82.0,"elevationGain":14.69,"elevationLoss":1.06,"averageRunCadence":157.03125,"strideLength":76.57999877929687,"groundContactTime":294.70001220703125,"verticalOscillation":8.01999969482422,"verticalRatio":10.359999656677246},{"lapIndex":3,"distance":1000.0,"duration":428.654,"movingDuration":428.654,"elapsedDuration":428.654,"averageSpeed":2.3329999446868896,"maxSpeed":2.874000072479248,"averageHR":131.0,"maxHR":143.0,"calories":73.0,"elevationGain":3.13,"elevationLoss":23.83,"averageRunCadence":163.0625,"strideLength":87.55000000000001,"groundContactTime":292.3999938964844,"verticalOscillation":8.040000152587892,"verticalRatio":9.109999656677246},{"lapIndex":4,"distance":1000.0,"duration":494.95,"movingDuration":462.0,"elapsedDuration":494.95,"averageSpeed":2.0199999809265137,"maxSpeed":2.6500000953674316,"averageHR":134.0,"maxHR":150.0,"calories":79.0,"elevationGain":11.0,"elevationLoss":13.23,"averageRunCadence":148.28125,"strideLength":81.37999877929688,"groundContactTime":322.29998779296875,"verticalOscillation":7.940000152587891,"verticalRatio":9.8100004196167},{"lapIndex":5,"distance":1000.0,"duration":715.578,"movingDuration":448.0,"elapsedDuration":715.578,"averageSpeed":1.3969999551773071,"maxSpeed":2.865000009536743,"averageHR":125.0,"maxHR":150.0,"calories":91.0,"elevationGain":7.26,"elevationLoss":14.25,"averageRunCadence":110.0625,"strideLength":79.12000122070313,"groundContactTime":293.8999938964844,"verticalOscillation":7.5,"verticalRatio":9.149999618530273},{"lapIndex":6,"distance":451.53,"duration":195.75,"movingDuration":195.0,"elapsedDuration":195.75,"averageSpeed":2.306999921798706,"maxSpeed":2.7899999618530273,"averageHR":141.0,"maxHR":151.0,"calories":37.0,"elevationGain":2.06,"elevationLoss":3.3,"averageRunCadence":160.0,"strideLength":90.89000244140625,"groundContactTime":282.3999938964844,"verticalOscillation":8.319999694824219,"verticalRatio":8.9399995803833}],"hrZones":[{"zone":1,"secs":592.005,"floor":92},{"zone":2,"secs":629.995,"floor":111},{"zone":3,"secs":1545.738,"floor":129},{"zone":4,"secs":54.005,"floor":148},{"zone":5,"secs":0.0,"floor":166}]}