{"activityId":22825070135,"typeKey":"running","name":"Darmstadt Running","startTimeLocal":"2024-02-17 13:31:25","summary":{"duration":2749.168,"movingDuration":2561.0,"elapsedDuration":2749.168,"distance":5416.02,"calories":410.0,"bmrCalories":64.0,"averageHR":118.0,"maxHR":143.0,"minHR":72.0,"averageSpeed":1.9700000286102295,"maxSpeed":2.818000078201294,"averageMovingSpeed":2.1148067237529284,"elevationGain":60.26,"elevationLoss":61.52,"maxElevation":173.4,"minElevation":138.0,"avgElevation":155.63,"trainingEffect":2.5999999046325684,"anaerobicTrainingEffect":0.0,"trainingEffectLabel":"AEROBIC_BASE","aerobicTrainingEffectMessage":"MAINTAINING_AEROBIC_BASE_7","anaerobicTrainingEffectMessage":"NO_ANAEROBIC_BENEFIT_0","activityTrainingLoad":44.6175537109375,"waterEstimated":423.0,"averageTemperature":22.00644666358468,"maxTemperature":29.0,"minTemperature":20.0,"avgRespirationRate":26.950000762939453,"maxRespirationRate":35.68000030517578,"minRespirationRate":18.329999923706055},"running":{"averageRunCadence":148.984375,"maxRunCadence":190.0,"strideLength":79.24000244140626,"steps":6692,"groundContactTime":314.20001220703125,"groundContactBalanceLeft":49.779998779296875,"verticalOscillation":7.4,"verticalRatio":9.300000190734863,"maxVerticalSpeed":0.40000152587890625},"laps":[{"lapIndex":1,"distance":1000.0,"duration":577.891,"movingDuration":555.0,"elapsedDuration":577.891,"averageSpeed":1.7300000190734866,"maxSpeed":2.322999954223633,"averageHR":101.0,"maxHR":128.0,"calories":76.0,"elevationGain":18.42,"elevationLoss":4.98,"averageRunCadence":139.515625,"strideLength":74.57000122070313,"groundContactTime":388.29998779296875,"verticalOscillation":6.15,"verticalRatio":8.3100004196167},{"lapIndex":2,"distance":1000.0,"duration":594.234,"movingDuration":500.0,"elapsedDuration":594.234,"averageSpeed":1.6829999685287478,"maxSpeed":2.500999927520752,"averageHR":119.0,"maxHR":135.0,"calories":83.0,"elevationGain":14.82,"elevationLoss":5.33,"averageRunCadence":135.09375,"strideLength":75.80999755859375,"groundContactTime":311.6000061035156,"verticalOscillation":7.380000305175781,"verticalRatio":9.65999984741211},{"lapIndex":3,"distance":1000.0,"duration":411.004,"movingDuration":411.0,"elapsedDuration":411.004,"averageSpeed":2.433000087738037,"maxSpeed":2.575000047683716,"averageHR":122.0,"maxHR":130.0,"calories":71.0,"elevationGain":2.35,"elevationLoss":18.07,"averageRunCadence":169.796875,"strideLength":85.59000244140626,"groundContactTime":269.0,"verticalOscillation":8.290000152587892,"verticalRatio":9.529999732971191},{"lapIndex":4,"distance":1000.0,"duration":497.894,"movingDuration":437.0,"elapsedDuration":497.894,"averageSpeed":2.007999897003174,"maxSpeed":2.7899999618530273,"averageHR":124.0,"maxHR":138.0,"calories":75.0,"elevationGain":10.08,"elevationLoss":15.55,"averageRunCadence":146.859375,"strideLength":81.57999877929689,"groundContactTime":306.29998779296875,"verticalOscillation":7.909999847412109,"verticalRatio":9.779999732971191},{"lapIndex":5,"distance":1000.0,"duration":469.959,"movingDuration":460.0,"elapsedDuration":469.959,"averageSpeed":2.128000020980835,"maxSpeed":2.818000078201294,"averageHR":125.0,"maxHR":139.0,"calories":73.0,"elevationGain":8.41,"elevationLoss":13.56,"averageRunCadence":161.453125,"strideLength":79.65999755859376,"groundContactTime":290.70001220703125,"verticalOscillation":7.550000000000001,"verticalRatio":9.380000114440918},{"lapIndex":6,"distance":416.02,"duration":198.186,"movingDuration":198.0,"elapsedDuration":198.186,"averageSpeed":2.0989999771118164,"maxSpeed":2.7899999618530273,"averageHR":128.0,"maxHR":143.0,"calories":32.0,"elevationGain":6.3,"elevationLoss":3.14,"averageRunCadence":150.5,"strideLength":81.54000244140626,"groundContactTime":294.79998779296875,"verticalOscillation":7.50999984741211,"verticalRatio":9.239999771118164}],"hrZones":[{"zone":1,"secs":518.987,"floor":92},{"zone":2,"secs":1552.587,"floor":111},{"zone":3,"secs":525.998,"floor":129},{"zone":4,"secs":0.0,"floor":148},{"zone":5,"secs":0.0,"floor":166}]}