{"activityId":22825060429,"typeKey":"running","name":"Darmstadt Running","startTimeLocal":"2023-12-15 16:09:54","summary":{"duration":2589.426,"movingDuration":2528.12,"elapsedDuration":2589.426,"distance":5307.86,"calories":398.0,"bmrCalories":109.0,"averageHR":122.0,"maxHR":145.0,"minHR":82.0,"averageSpeed":2.049999952316284,"maxSpeed":2.947999954223633,"averageMovingSpeed":2.0995284375296768,"elevationGain":55.93,"elevationLoss":121.31,"maxElevation":176.8,"minElevation":136.2,"avgElevation":156.1,"trainingEffect":2.5999999046325684,"anaerobicTrainingEffect":0.0,"trainingEffectLabel":"AEROBIC_BASE","aerobicTrainingEffectMessage":"MAINTAINING_AEROBIC_BASE_7","anaerobicTrainingEffectMessage":"NO_ANAEROBIC_BENEFIT_0","activityTrainingLoad":47.39164733886719,"waterEstimated":364.0,"averageTemperature":16.861540673760082,"maxTemperature":28.0,"minTemperature":14.0,"avgRespirationRate":28.309999465942383,"maxRespirationRate":38.470001220703125,"minRespirationRate":16.530000686645508},"running":{"averageRunCadence":152.703125,"maxRunCadence":240.0,"strideLength":81.25,"steps":6408,"groundContactTime":314.8999938964844,"groundContactBalanceLeft":49.900001525878906,"verticalOscillation":7.519999694824219,"verticalRatio":9.300000190734863,"maxVerticalSpeed":0.40000152587890625},"laps":[{"lapIndex":1,"distance":1000.0,"duration":526.798,"movingDuration":515.0,"elapsedDuration":526.798,"averageSpeed":1.8980000019073486,"maxSpeed":2.6029999256134033,"averageHR":102.0,"maxHR":129.0,"calories":70.0,"elevationGain":20.31,"elevationLoss":63.49,"averageRunCadence":136.53125,"strideLength":78.35999755859376,"groundContactTime":375.70001220703125,"verticalOscillation":6.550000000000001,"verticalRatio":8.239999771118164},{"lapIndex":2,"distance":1000.0,"duration":499.752,"movingDuration":499.752,"elapsedDuration":499.752,"averageSpeed":2.000999927520752,"maxSpeed":2.313999891281128,"averageHR":124.0,"maxHR":135.0,"calories":80.0,"elevationGain":14.38,"elevationLoss":0.0,"averageRunCadence":155.75,"strideLength":78.09000244140626,"groundContactTime":320.5,"verticalOscillation":7.440000152587891,"verticalRatio":9.539999961853027},{"lapIndex":3,"distance":1000.0,"duration":430.14,"movingDuration":430.0,"elapsedDuration":430.14,"averageSpeed":2.325000047683716,"maxSpeed":2.947999954223633,"averageHR":126.0,"maxHR":139.0,"calories":70.0,"elevationGain":2.34,"elevationLoss":26.3,"averageRunCadence":165.59375,"strideLength":83.12999877929688,"groundContactTime":289.79998779296875,"verticalOscillation":7.730000305175782,"verticalRatio":9.199999809265137},{"lapIndex":4,"distance":1000.0,"duration":493.16,"movingDuration":460.0,"elapsedDuration":493.16,"averageSpeed":2.0280001163482666,"maxSpeed":2.882999897003174,"averageHR":129.0,"maxHR":143.0,"calories":76.0,"elevationGain":9.3,"elevationLoss":13.16,"averageRunCadence":151.796875,"strideLength":79.85999755859376,"groundContactTime":310.0,"verticalOscillation":7.769999694824219,"verticalRatio":10.09000015258789},{"lapIndex":5,"distance":1000.0,"duration":499.804,"movingDuration":484.0,"elapsedDuration":499.804,"averageSpeed":2.000999927520752,"maxSpeed":2.882999897003174,"averageHR":125.0,"maxHR":141.0,"calories":77.0,"elevationGain":7.99,"elevationLoss":13.52,"averageRunCadence":150.0,"strideLength":84.87999877929688,"groundContactTime":310.6000061035156,"verticalOscillation":7.540000152587891,"verticalRatio":8.890000343322754},{"lapIndex":6,"distance":287.4,"duration":124.404,"movingDuration":124.0,"elapsedDuration":124.404,"averageSpeed":2.309999942779541,"maxSpeed":2.621999979019165,"averageHR":135.0,"maxHR":145.0,"calories":22.0,"elevationGain":1.3,"elevationLoss":3.97,"averageRunCadence":169.171875,"strideLength":87.00999755859375,"groundContactTime":274.5,"verticalOscillation":8.4,"verticalRatio":9.539999961853027},{"lapIndex":7,"distance":20.46,"duration":15.368,"movingDuration":15.368,"elapsedDuration":15.368,"averageSpeed":1.330999970436096,"maxSpeed":1.902999997138977,"averageHR":139.0,"maxHR":142.0,"calories":2.0,"elevationGain":0.0,"elevationLoss":0.0,"averageRunCadence":128.0,"strideLength":70.35999755859375,"groundContactTime":469.0,"verticalOscillation":5.829999923706055,"verticalRatio":8.140000343322754}],"hrZones":[{"zone":1,"secs":393.358,"floor":92},{"zone":2,"secs":1210.971,"floor":111},{"zone":3,"secs":908.365,"floor":129},{"zone":4,"secs":0.0,"floor":148},{"zone":5,"secs":0.0,"floor":166}]}