{"activityId":22825084958,"typeKey":"running","name":"Darmstadt Running","startTimeLocal":"2024-04-26 14:09:07","summary":{"duration":2443.711,"movingDuration":2277.0,"elapsedDuration":2443.711,"distance":4637.05,"calories":354.0,"bmrCalories":119.0,"averageHR":111.0,"maxHR":136.0,"minHR":79.0,"averageSpeed":1.8980000019073486,"maxSpeed":3.200000047683716,"averageMovingSpeed":2.0364733441754503,"elevationGain":82.08,"elevationLoss":85.3,"maxElevation":191.8,"minElevation":143.0,"avgElevation":169.3,"trainingEffect":2.4000000953674316,"anaerobicTrainingEffect":0.0,"trainingEffectLabel":"RECOVERY","aerobicTrainingEffectMessage":"MINOR_AEROBIC_BENEFIT_0","anaerobicTrainingEffectMessage":"NO_ANAEROBIC_BENEFIT_0","activityTrainingLoad":39.60882568359375,"waterEstimated":375.0,"averageTemperature":23.534938073398536,"maxTemperature":28.0,"minTemperature":21.0,"avgRespirationRate":26.790000915527344,"maxRespirationRate":34.83000183105469,"minRespirationRate":18.520000457763672},"running":{"averageRunCadence":141.328125,"maxRunCadence":183.0,"strideLength":84.37999877929688,"steps":5556,"groundContactTime":340.6000061035156,"groundContactBalanceLeft":50.22999954223633,"verticalOscillation":7.590000152587891,"verticalRatio":9.010000228881836,"maxVerticalSpeed":0.600006103515625},"laps":[{"lapIndex":1,"distance":1000.0,"duration":577.452,"movingDuration":564.0,"elapsedDuration":577.452,"averageSpeed":1.7319999933242798,"maxSpeed":2.6500000953674316,"averageHR":98.0,"maxHR":125.0,"calories":75.0,"elevationGain":22.79,"elevationLoss":8.47,"averageRunCadence":134.703125,"strideLength":81.55999755859375,"groundContactTime":401.3999938964844,"verticalOscillation":6.430000305175781,"verticalRatio":7.769999980926514},{"lapIndex":2,"distance":1000.0,"duration":475.566,"movingDuration":475.0,"elapsedDuration":475.566,"averageSpeed":2.1029999256134033,"maxSpeed":2.3980000019073486,"averageHR":121.0,"maxHR":134.0,"calories":80.0,"elevationGain":25.99,"elevationLoss":2.17,"averageRunCadence":156.78125,"strideLength":80.50999755859375,"groundContactTime":318.70001220703125,"verticalOscillation":8.1,"verticalRatio":9.930000305175781},{"lapIndex":3,"distance":1000.0,"duration":425.122,"movingDuration":417.0,"elapsedDuration":425.122,"averageSpeed":2.3519999980926514,"maxSpeed":3.200000047683716,"averageHR":122.0,"maxHR":130.0,"calories":72.0,"elevationGain":0.0,"elevationLoss":30.27,"averageRunCadence":163.28125,"strideLength":91.47000122070312,"groundContactTime":284.6000061035156,"verticalOscillation":8.65,"verticalRatio":9.399999618530273},{"lapIndex":4,"distance":1000.0,"duration":512.358,"movingDuration":479.0,"elapsedDuration":512.358,"averageSpeed":1.9520000219345093,"maxSpeed":2.818000078201294,"averageHR":122.0,"maxHR":136.0,"calories":79.0,"elevationGain":26.58,"elevationLoss":26.95,"averageRunCadence":145.46875,"strideLength":85.2,"groundContactTime":312.79998779296875,"verticalOscillation":8.030000305175781,"verticalRatio":9.8100004196167},{"lapIndex":5,"distance":637.05,"duration":453.213,"movingDuration":342.0,"elapsedDuration":453.213,"averageSpeed":1.406000018119812,"maxSpeed":2.0250000953674316,"averageHR":96.0,"maxHR":105.0,"calories":48.0,"elevationGain":9.84,"elevationLoss":17.01,"averageRunCadence":106.125,"strideLength":83.57000122070313,"groundContactTime":474.6000061035156,"verticalOscillation":5.590000152587891,"verticalRatio":6.349999904632568}],"hrZones":[{"zone":1,"secs":847.433,"floor":92},{"zone":2,"secs":1114.988,"floor":111},{"zone":3,"secs":252.004,"floor":129},{"zone":4,"secs":0.0,"floor":148},{"zone":5,"secs":0.0,"floor":166}]}