{"activityId":22825058908,"typeKey":"running","name":"Darmstadt Running","startTimeLocal":"2023-12-03 12:41:03","summary":{"duration":2480.225,"movingDuration":2299.0,"elapsedDuration":2480.225,"distance":4665.64,"calories":370.0,"bmrCalories":110.0,"averageHR":121.0,"maxHR":142.0,"minHR":91.0,"averageSpeed":1.8810000419616701,"maxSpeed":2.809000015258789,"averageMovingSpeed":2.0294215470720967,"elevationGain":80.76,"elevationLoss":74.71,"maxElevation":186.0,"minElevation":136.8,"avgElevation":161.2,"trainingEffect":2.5,"anaerobicTrainingEffect":0.0,"trainingEffectLabel":"AEROBIC_BASE","aerobicTrainingEffectMessage":"MAINTAINING_AEROBIC_BASE_7","anaerobicTrainingEffectMessage":"NO_ANAEROBIC_BENEFIT_0","activityTrainingLoad":40.54505920410156,"waterEstimated":348.0,"averageTemperature":17.717848562676163,"maxTemperature":31.0,"minTemperature":14.0,"avgRespirationRate":27.1299991607666,"maxRespirationRate":35.54999923706055,"minRespirationRate":18.239999771118164},"running":{"averageRunCadence":142.8125,"maxRunCadence":192.0,"strideLength":80.77999877929688,"steps":5728,"groundContactTime":355.70001220703125,"groundContactBalanceLeft":49.7599983215332,"verticalOscillation":7.180000305175781,"verticalRatio":8.819999694824219,"maxVerticalSpeed":0.6999969482421875},"laps":[{"lapIndex":1,"distance":1000.0,"duration":545.42,"movingDuration":544.0,"elapsedDuration":545.42,"averageSpeed":1.8329999446868896,"maxSpeed":2.0429999828338623,"averageHR":105.0,"maxHR":118.0,"calories":75.0,"elevationGain":32.71,"elevationLoss":1.27,"averageRunCadence":135.953125,"strideLength":81.07000122070313,"groundContactTime":422.8999938964844,"verticalOscillation":5.920000076293945,"verticalRatio":7.139999866485596},{"lapIndex":2,"distance":1000.0,"duration":592.921,"movingDuration":504.0,"elapsedDuration":592.921,"averageSpeed":1.6870000362396242,"maxSpeed":2.4170000553131104,"averageHR":119.0,"maxHR":135.0,"calories":89.0,"elevationGain":23.95,"elevationLoss":7.04,"averageRunCadence":134.703125,"strideLength":78.77000122070314,"groundContactTime":379.8999938964844,"verticalOscillation":7.090000152587891,"verticalRatio":8.869999885559082},{"lapIndex":3,"distance":1000.0,"duration":498.981,"movingDuration":460.0,"elapsedDuration":498.981,"averageSpeed":2.003999948501587,"maxSpeed":2.6500000953674316,"averageHR":126.0,"maxHR":136.0,"calories":77.0,"elevationGain":6.45,"elevationLoss":34.25,"averageRunCadence":148.75,"strideLength":82.80000000000001,"groundContactTime":297.5,"verticalOscillation":7.8599998474121096,"verticalRatio":9.550000190734863},{"lapIndex":4,"distance":1000.0,"duration":540.571,"movingDuration":489.0,"elapsedDuration":540.571,"averageSpeed":1.850000023841858,"maxSpeed":2.378999948501587,"averageHR":129.0,"maxHR":140.0,"calories":80.0,"elevationGain":11.9,"elevationLoss":17.3,"averageRunCadence":145.1875,"strideLength":77.54000244140626,"groundContactTime":337.5,"verticalOscillation":7.780000305175782,"verticalRatio":10.020000457763672},{"lapIndex":5,"distance":665.64,"duration":302.332,"movingDuration":302.0,"elapsedDuration":302.332,"averageSpeed":2.2019999027252197,"maxSpeed":2.809000015258789,"averageHR":129.0,"maxHR":142.0,"calories":48.0,"elevationGain":5.85,"elevationLoss":13.97,"averageRunCadence":157.296875,"strideLength":86.62999877929688,"groundContactTime":299.1000061035156,"verticalOscillation":7.690000152587891,"verticalRatio":8.75}],"hrZones":[{"zone":1,"secs":595.184,"floor":92},{"zone":2,"secs":988.033,"floor":111},{"zone":3,"secs":894.987,"floor":129},{"zone":4,"secs":0.0,"floor":148},{"zone":5,"secs":0.0,"floor":166}]}