{"activityId":22825075945,"typeKey":"running","name":"Darmstadt Running","startTimeLocal":"2024-03-17 13:23:02","summary":{"duration":2830.829,"movingDuration":2663.0,"elapsedDuration":2830.829,"distance":5584.36,"calories":433.0,"bmrCalories":122.0,"averageHR":125.0,"maxHR":144.0,"minHR":73.0,"averageSpeed":1.9730000495910645,"maxSpeed":2.8269999027252193,"averageMovingSpeed":2.097018348960289,"elevationGain":81.21,"elevationLoss":102.26,"maxElevation":175.2,"minElevation":134.8,"avgElevation":153.44,"trainingEffect":2.799999952316284,"anaerobicTrainingEffect":0.0,"trainingEffectLabel":"AEROBIC_BASE","aerobicTrainingEffectMessage":"MAINTAINING_AEROBIC_BASE_7","anaerobicTrainingEffectMessage":"NO_ANAEROBIC_BENEFIT_0","activityTrainingLoad":53.14341735839844,"waterEstimated":484.0,"averageTemperature":22.63940000564464,"maxTemperature":30.0,"minTemperature":21.0,"avgRespirationRate":29.34000015258789,"maxRespirationRate":38.11000061035156,"minRespirationRate":16.93000030517578},"running":{"averageRunCadence":147.078125,"maxRunCadence":195.0,"strideLength":82.02000122070314,"steps":6664,"groundContactTime":328.1000061035156,"groundContactBalanceLeft":50.20000076293945,"verticalOscillation":7.80999984741211,"verticalRatio":9.40999984741211,"maxVerticalSpeed":1.7999877929687502},"laps":[{"lapIndex":1,"distance":1000.0,"duration":565.327,"movingDuration":542.0,"elapsedDuration":565.327,"averageSpeed":1.7690000534057617,"maxSpeed":2.2669999599456787,"averageHR":117.0,"maxHR":132.0,"calories":75.0,"elevationGain":15.04,"elevationLoss":24.86,"averageRunCadence":137.84375,"strideLength":80.12000122070313,"groundContactTime":388.29998779296875,"verticalOscillation":6.640000152587891,"verticalRatio":8.229999542236328},{"lapIndex":2,"distance":1000.0,"duration":518.918,"movingDuration":502.0,"elapsedDuration":518.918,"averageSpeed":1.9270000457763672,"maxSpeed":2.444999933242798,"averageHR":126.0,"maxHR":139.0,"calories":84.0,"elevationGain":20.15,"elevationLoss":5.33,"averageRunCadence":151.59375,"strideLength":77.24000244140626,"groundContactTime":331.1000061035156,"verticalOscillation":7.8599998474121096,"verticalRatio":10.300000190734863},{"lapIndex":3,"distance":1000.0,"duration":451.276,"movingDuration":425.0,"elapsedDuration":451.276,"averageSpeed":2.2160000801086426,"maxSpeed":2.556999921798706,"averageHR":127.0,"maxHR":140.0,"calories":74.0,"elevationGain":1.37,"elevationLoss":24.15,"averageRunCadence":159.609375,"strideLength":86.85000000000001,"groundContactTime":293.1000061035156,"verticalOscillation":8.580000305175782,"verticalRatio":9.699999809265137},{"lapIndex":4,"distance":1000.0,"duration":490.521,"movingDuration":478.0,"elapsedDuration":490.521,"averageSpeed":2.0390000343322754,"maxSpeed":2.500999927520752,"averageHR":130.0,"maxHR":143.0,"calories":75.0,"elevationGain":12.94,"elevationLoss":21.56,"averageRunCadence":145.4375,"strideLength":82.67999877929688,"groundContactTime":333.20001220703125,"verticalOscillation":7.8699996948242195,"verticalRatio":9.34000015258789},{"lapIndex":5,"distance":1000.0,"duration":525.972,"movingDuration":447.0,"elapsedDuration":525.972,"averageSpeed":1.9010000228881836,"maxSpeed":2.8269999027252193,"averageHR":128.0,"maxHR":144.0,"calories":85.0,"elevationGain":24.35,"elevationLoss":16.71,"averageRunCadence":140.28125,"strideLength":84.55000000000001,"groundContactTime":309.20001220703125,"verticalOscillation":8.05,"verticalRatio":9.239999771118164},{"lapIndex":6,"distance":584.36,"duration":278.815,"movingDuration":269.0,"elapsedDuration":278.815,"averageSpeed":2.0959999561309814,"maxSpeed":2.5290000438690186,"averageHR":122.0,"maxHR":136.0,"calories":40.0,"elevationGain":8.48,"elevationLoss":10.21,"averageRunCadence":152.328125,"strideLength":80.42000122070313,"groundContactTime":308.8999938964844,"verticalOscillation":7.8500000000000005,"verticalRatio":9.609999656677246}],"hrZones":[{"zone":1,"secs":225.988,"floor":92},{"zone":2,"secs":1384.997,"floor":111},{"zone":3,"secs":1191.575,"floor":129},{"zone":4,"secs":0.0,"floor":148},{"zone":5,"secs":0.0,"floor":166}]}