{"activityId":22915760321,"typeKey":"running","name":"Wolfratshausen Running","startTimeLocal":"2026-05-17 17:23:57","summary":{"duration":5233.6,"movingDuration":5215.526,"elapsedDuration":5248.268,"distance":15530.26,"calories":1398.0,"bmrCalories":139.0,"averageHR":171.0,"maxHR":181.0,"minHR":84.0,"averageSpeed":2.9670000076293945,"maxSpeed":3.4059998989105225,"averageMovingSpeed":2.9776977064543733,"elevationGain":539.93,"elevationLoss":527.16,"maxElevation":632.6,"minElevation":522.0,"avgElevation":569.49,"trainingEffect":5.0,"anaerobicTrainingEffect":0.0,"trainingEffectLabel":"LACTATE_THRESHOLD","aerobicTrainingEffectMessage":"OVERREACHING_14","anaerobicTrainingEffectMessage":"NO_ANAEROBIC_BENEFIT_0","activityTrainingLoad":272.8744812011719,"moderateIntensityMinutes":0,"vigorousIntensityMinutes":87,"waterEstimated":1113.0,"averageTemperature":23.542686860448722,"maxTemperature":29.0,"minTemperature":20.0,"avgRespirationRate":33.31999969482422,"maxRespirationRate":45.099998474121094,"minRespirationRate":17.719999313354492},"running":{"averageRunCadence":148.09375,"maxRunCadence":155.0,"strideLength":117.43000488281251,"steps":12846,"groundContactTime":278.8999938964844,"groundContactBalanceLeft":50.72999954223633,"verticalOscillation":12.180000305175781,"verticalRatio":10.1899995803833,"maxVerticalSpeed":1.4000244140625},"laps":[{"lapIndex":1,"distance":1000.0,"duration":329.367,"movingDuration":323.0,"elapsedDuration":329.367,"averageSpeed":3.036000013351441,"maxSpeed":3.331000089645386,"averageHR":152.0,"maxHR":164.0,"calories":80.0,"elevationGain":53.91,"elevationLoss":8.99,"averageRunCadence":146.5,"strideLength":123.46999511718751,"groundContactTime":276.8999938964844,"verticalOscillation":12.130000305175782,"verticalRatio":9.779999732971191},{"lapIndex":2,"distance":1000.0,"duration":350.827,"movingDuration":350.0,"elapsedDuration":350.827,"averageSpeed":2.8499999046325684,"maxSpeed":2.9579999446868896,"averageHR":166.0,"maxHR":170.0,"calories":95.0,"elevationGain":14.39,"elevationLoss":33.16,"averageRunCadence":145.40625,"strideLength":117.3699951171875,"groundContactTime":285.79998779296875,"verticalOscillation":12.5,"verticalRatio":10.430000305175781},{"lapIndex":3,"distance":1000.0,"duration":348.737,"movingDuration":348.737,"elapsedDuration":348.737,"averageSpeed":2.867000102996826,"maxSpeed":2.9579999446868896,"averageHR":168.0,"maxHR":174.0,"calories":91.0,"elevationGain":15.55,"elevationLoss":45.94,"averageRunCadence":146.203125,"strideLength":115.2,"groundContactTime":283.20001220703125,"verticalOscillation":12.51999969482422,"verticalRatio":10.649999618530273},{"lapIndex":4,"distance":1000.0,"duration":341.877,"movingDuration":341.0,"elapsedDuration":341.877,"averageSpeed":2.924999952316284,"maxSpeed":3.0510001182556157,"averageHR":171.0,"maxHR":175.0,"calories":93.0,"elevationGain":12.17,"elevationLoss":57.06,"averageRunCadence":147.09375,"strideLength":120.80999755859375,"groundContactTime":282.0,"verticalOscillation":12.350000000000001,"verticalRatio":9.989999771118164},{"lapIndex":5,"distance":1000.0,"duration":339.704,"movingDuration":339.704,"elapsedDuration":339.704,"averageSpeed":2.944000005722046,"maxSpeed":3.013999938964844,"averageHR":173.0,"maxHR":177.0,"calories":93.0,"elevationGain":59.01,"elevationLoss":61.32,"averageRunCadence":147.65625,"strideLength":118.99000244140626,"groundContactTime":276.20001220703125,"verticalOscillation":12.41999969482422,"verticalRatio":10.199999809265137},{"lapIndex":6,"distance":1000.0,"duration":322.869,"movingDuration":322.869,"elapsedDuration":322.869,"averageSpeed":3.0969998836517334,"maxSpeed":3.25600004196167,"averageHR":176.0,"maxHR":180.0,"calories":90.0,"elevationGain":41.35,"elevationLoss":17.98,"averageRunCadence":148.9375,"strideLength":124.35999755859376,"groundContactTime":272.5,"verticalOscillation":12.30999984741211,"verticalRatio":9.670000076293945},{"lapIndex":7,"distance":1000.0,"duration":335.048,"movingDuration":330.0,"elapsedDuration":349.716,"averageSpeed":2.9849998950958248,"maxSpeed":3.2839999198913574,"averageHR":173.0,"maxHR":178.0,"calories":92.0,"elevationGain":42.63,"elevationLoss":44.48,"averageRunCadence":147.921875,"strideLength":118.0199951171875,"groundContactTime":280.0,"verticalOscillation":12.130000305175782,"verticalRatio":10.140000343322754},{"lapIndex":8,"distance":1000.0,"duration":321.11,"movingDuration":321.0,"elapsedDuration":321.11,"averageSpeed":3.114000082015991,"maxSpeed":3.23799991607666,"averageHR":175.0,"maxHR":179.0,"calories":88.0,"elevationGain":38.3,"elevationLoss":31.34,"averageRunCadence":149.421875,"strideLength":120.43000488281251,"groundContactTime":269.5,"verticalOscillation":12.450000000000001,"verticalRatio":10.100000381469727},{"lapIndex":9,"distance":1000.0,"duration":327.577,"movingDuration":327.0,"elapsedDuration":327.577,"averageSpeed":3.052999973297119,"maxSpeed":3.3499999046325684,"averageHR":175.0,"maxHR":179.0,"calories":90.0,"elevationGain":43.18,"elevationLoss":29.16,"averageRunCadence":148.78125,"strideLength":122.94000244140625,"groundContactTime":272.8999938964844,"verticalOscillation":12.350000000000001,"verticalRatio":9.8100004196167},{"lapIndex":10,"distance":1000.0,"duration":328.598,"movingDuration":328.0,"elapsedDuration":328.598,"averageSpeed":3.0429999828338627,"maxSpeed":3.0980000495910645,"averageHR":174.0,"maxHR":178.0,"calories":89.0,"elevationGain":17.31,"elevationLoss":23.01,"averageRunCadence":147.78125,"strideLength":119.2800048828125,"groundContactTime":275.79998779296875,"verticalOscillation":12.480000305175782,"verticalRatio":10.279999732971191},{"lapIndex":11,"distance":1000.0,"duration":325.831,"movingDuration":325.831,"elapsedDuration":325.831,"averageSpeed":3.069000005722046,"maxSpeed":3.23799991607666,"averageHR":176.0,"maxHR":181.0,"calories":90.0,"elevationGain":50.64,"elevationLoss":31.69,"averageRunCadence":149.484375,"strideLength":115.10999755859376,"groundContactTime":271.3999938964844,"verticalOscillation":12.35999984741211,"verticalRatio":10.539999961853027},{"lapIndex":12,"distance":1000.0,"duration":338.303,"movingDuration":337.0,"elapsedDuration":338.303,"averageSpeed":2.9560000896453857,"maxSpeed":3.0230000019073486,"averageHR":175.0,"maxHR":178.0,"calories":92.0,"elevationGain":19.74,"elevationLoss":46.38,"averageRunCadence":147.671875,"strideLength":112.20999755859376,"groundContactTime":280.20001220703125,"verticalOscillation":12.34000015258789,"verticalRatio":10.789999961853027},{"lapIndex":13,"distance":1000.0,"duration":329.242,"movingDuration":329.0,"elapsedDuration":329.242,"averageSpeed":3.0369999408721924,"maxSpeed":3.4059998989105225,"averageHR":174.0,"maxHR":177.0,"calories":87.0,"elevationGain":30.03,"elevationLoss":29.65,"averageRunCadence":149.625,"strideLength":116.39000244140625,"groundContactTime":277.29998779296875,"verticalOscillation":11.990000152587891,"verticalRatio":10.09000015258789},{"lapIndex":14,"distance":1000.0,"duration":349.369,"movingDuration":348.0,"elapsedDuration":349.369,"averageSpeed":2.861999988555908,"maxSpeed":3.0320000648498535,"averageHR":174.0,"maxHR":177.0,"calories":92.0,"elevationGain":42.3,"elevationLoss":31.6,"averageRunCadence":148.203125,"strideLength":107.0800048828125,"groundContactTime":290.3999938964844,"verticalOscillation":11.35999984741211,"verticalRatio":10.640000343322754},{"lapIndex":15,"distance":1000.0,"duration":358.756,"movingDuration":358.0,"elapsedDuration":358.756,"averageSpeed":2.7869999408721924,"maxSpeed":3.0320000648498535,"averageHR":171.0,"maxHR":176.0,"calories":90.0,"elevationGain":44.83,"elevationLoss":26.11,"averageRunCadence":149.5,"strideLength":113.10000000000001,"groundContactTime":286.3999938964844,"verticalOscillation":11.45999984741211,"verticalRatio":9.899999618530273},{"lapIndex":16,"distance":530.26,"duration":186.385,"movingDuration":186.385,"elapsedDuration":186.385,"averageSpeed":2.8450000286102295,"maxSpeed":2.9579999446868896,"averageHR":172.0,"maxHR":175.0,"calories":47.0,