{"activityId":23037121571,"typeKey":"running","name":"Wolfratshausen Running","startTimeLocal":"2026-05-27 22:07:19","summary":{"duration":5079.665,"movingDuration":5064.823,"elapsedDuration":5090.189,"distance":14035.3,"calories":1106.0,"bmrCalories":135.0,"averageHR":160.0,"maxHR":184.0,"minHR":72.0,"averageSpeed":2.7630000114440914,"maxSpeed":3.6110000610351567,"averageMovingSpeed":2.7711333321080436,"elevationGain":276.47,"elevationLoss":402.08,"maxElevation":599.4,"minElevation":534.6,"avgElevation":568.07,"trainingEffect":3.799999952316284,"anaerobicTrainingEffect":0.0,"trainingEffectLabel":"LACTATE_THRESHOLD","aerobicTrainingEffectMessage":"IMPROVING_LACTATE_THRESHOLD_12","anaerobicTrainingEffectMessage":"NO_ANAEROBIC_BENEFIT_0","activityTrainingLoad":133.81178283691406,"moderateIntensityMinutes":1,"vigorousIntensityMinutes":83,"waterEstimated":1030.0,"averageTemperature":23.526268775708306,"maxTemperature":30.0,"minTemperature":22.0,"avgRespirationRate":31.579999923706055,"maxRespirationRate":40.4900016784668,"minRespirationRate":22.780000686645508},"running":{"averageRunCadence":147.796875,"maxRunCadence":160.0,"strideLength":111.00999755859375,"steps":12446,"groundContactTime":279.29998779296875,"groundContactBalanceLeft":50.88999938964844,"verticalOscillation":12.450000000000001,"verticalRatio":11.039999961853027,"maxVerticalSpeed":1.60003662109375},"laps":[{"lapIndex":1,"distance":1000.0,"duration":373.7,"movingDuration":362.0,"elapsedDuration":384.224,"averageSpeed":2.6760001182556152,"maxSpeed":3.4619998931884766,"averageHR":138.0,"maxHR":161.0,"calories":79.0,"elevationGain":22.25,"elevationLoss":115.31,"averageRunCadence":143.234375,"strideLength":110.40999755859376,"groundContactTime":288.29998779296875,"verticalOscillation":12.180000305175781,"verticalRatio":10.8100004196167},{"lapIndex":2,"distance":1000.0,"duration":382.447,"movingDuration":382.447,"elapsedDuration":382.447,"averageSpeed":2.615000009536743,"maxSpeed":2.799000024795532,"averageHR":150.0,"maxHR":162.0,"calories":78.0,"elevationGain":6.61,"elevationLoss":24.22,"averageRunCadence":145.625,"strideLength":108.29000244140626,"groundContactTime":286.5,"verticalOscillation":12.630000305175782,"verticalRatio":11.430000305175781},{"lapIndex":3,"distance":349.84,"duration":135.723,"movingDuration":135.0,"elapsedDuration":135.723,"averageSpeed":2.578000068664551,"maxSpeed":2.677999973297119,"averageHR":149.0,"maxHR":156.0,"calories":27.0,"elevationGain":1.11,"elevationLoss":10.53,"averageRunCadence":145.71875,"strideLength":107.3199951171875,"groundContactTime":284.1000061035156,"verticalOscillation":12.730000305175782,"verticalRatio":11.649999618530273},{"lapIndex":4,"distance":1000.0,"duration":368.117,"movingDuration":368.0,"elapsedDuration":368.117,"averageSpeed":2.7170000076293945,"maxSpeed":2.9019999504089355,"averageHR":151.0,"maxHR":165.0,"calories":76.0,"elevationGain":24.36,"elevationLoss":28.45,"averageRunCadence":146.25,"strideLength":108.18000488281251,"groundContactTime":278.79998779296875,"verticalOscillation":12.9,"verticalRatio":11.710000038146973},{"lapIndex":5,"distance":1000.0,"duration":358.901,"movingDuration":358.901,"elapsedDuration":358.901,"averageSpeed":2.7860000133514404,"maxSpeed":2.9019999504089355,"averageHR":158.0,"maxHR":164.0,"calories":81.0,"elevationGain":30.27,"elevationLoss":32.06,"averageRunCadence":146.203125,"strideLength":112.09000244140626,"groundContactTime":279.79998779296875,"verticalOscillation":12.930000305175781,"verticalRatio":11.300000190734863},{"lapIndex":6,"distance":1000.0,"duration":363.637,"movingDuration":363.637,"elapsedDuration":363.637,"averageSpeed":2.75,"maxSpeed":3.3399999141693115,"averageHR":158.0,"maxHR":165.0,"calories":80.0,"elevationGain":11.0,"elevationLoss":25.32,"averageRunCadence":146.328125,"strideLength":111.65999755859376,"groundContactTime":278.6000061035156,"verticalOscillation":12.989999389648439,"verticalRatio":11.449999809265137},{"lapIndex":7,"distance":1000.0,"duration":372.071,"movingDuration":372.0,"elapsedDuration":372.071,"averageSpeed":2.687999963760376,"maxSpeed":2.8369998931884766,"averageHR":160.0,"maxHR":165.0,"calories":81.0,"elevationGain":21.91,"elevationLoss":20.11,"averageRunCadence":146.015625,"strideLength":111.23000488281251,"groundContactTime":278.6000061035156,"verticalOscillation":13.080000305175782,"verticalRatio":11.510000228881836},{"lapIndex":8,"distance":1000.0,"duration":340.77,"movingDuration":340.0,"elapsedDuration":340.77,"averageSpeed":2.9349999427795406,"maxSpeed":3.2190001010894775,"averageHR":164.0,"maxHR":174.0,"calories":79.0,"elevationGain":21.49,"elevationLoss":12.21,"averageRunCadence":148.203125,"strideLength":118.80000000000001,"groundContactTime":272.29998779296875,"verticalOscillation":12.790000152587892,"verticalRatio":10.569999694824219},{"lapIndex":9,"distance":1000.0,"duration":315.192,"movingDuration":315.0,"elapsedDuration":315.192,"averageSpeed":3.1730000972747807,"maxSpeed":3.3499999046325684,"averageHR":174.0,"maxHR":179.0,"calories":79.0,"elevationGain":13.03,"elevationLoss":6.3,"averageRunCadence":150.9375,"strideLength":121.19000244140625,"groundContactTime":262.6000061035156,"verticalOscillation":12.51999969482422,"verticalRatio":10.09000015258789},{"lapIndex":10,"distance":1000.0,"duration":306.547,"movingDuration":306.0,"elapsedDuration":306.547,"averageSpeed":3.26200008392334,"maxSpeed":3.6110000610351567,"averageHR":177.0,"maxHR":181.0,"calories":78.0,"elevationGain":14.35,"elevationLoss":17.12,"averageRunCadence":150.1875,"strideLength":128.35,"groundContactTime":262.1000061035156,"verticalOscillation":12.65,"verticalRatio":9.630000114440918},{"lapIndex":11,"distance":669.84,"duration":198.704,"movingDuration":198.704,"elapsedDuration":198.704,"averageSpeed":3.371000051498413,"maxSpeed":3.6110000610351567,"averageHR":180.0,"maxHR":184.0,"calories":53.0,"elevationGain":12.94,"elevationLoss":0.0,"averageRunCadence":151.890625,"strideLength":131.45000000000002,"groundContactTime":257.8999938964844,"verticalOscillation":12.490000152587891,"verticalRatio":9.279999732971191},{"lapIndex":12,"distance":1000.0,"duration":368.896,"movingDuration":368.896,"elapsedDuration":368.896,"averageSpeed":2.7109999656677246,"maxSpeed":3.2100000381469727,"averageHR":169.0,"maxHR":179.0,"calories":85.0,"elevationGain":29.52,"elevationLoss":24.83,"averageRunCadence":148.84375,"strideLength":108.34000244140626,"groundContactTime":280.8999938964844,"verticalOscillation":12.230000305175782,"verticalRatio":11.029999732971191},{"lapIndex":13,"distance":1000.0,"duration":392.946,"movingDuration":392.946,"elapsedDuration":392.946,"averageSpeed":2.5450000762939453,"maxSpeed":2.8550000190734863,"averageHR":163.0,"maxHR":170.0,"calories":80.0,"elevationGain":18.71,"elevationLoss":33.65,"averageRunCadence":148.96875,"strideLength":102.20999755859376,"groundContactTime":286.8999938964844,"verticalOscillation":11.890000152587891,"verticalRatio":11.420000076293945},{"lapIndex":14,"distance":1000.0,"duration":392.879,"movingDuration":392.879,"elapsedDuration":392.879,"averageSpeed":2.5450000762939453,"maxSpeed":2.687000036239624,"averageHR":161.0,"maxHR":169.0,"calories":75.0,"elevationGain":22.63,"elevationLoss":19.74,"averageRunCadence":149.53125,"strideLength":100.77999877929688,"groundContactTime":288.20001220703125,"verticalOscillation":11.730000305175782,"verticalRatio":11.4399995803833},{"lapIndex":15,"distance":1000.0,"duration":401.133,"movingDuration":401.0,"elapsedDuration":401.133,"averageSpeed":2.493000030517578,"maxSpeed":2.697000026702881,"averageHR":159.0,"maxHR":165.0,"calories":74.0,"elevationGain":25.22,"elevationLoss":31.7,"averageRunCadence":150.3125,"strideLength":99.2,"groundContactTime":289.3999938964844,"verticalOscillation":11.40999984741211,"verticalRatio":11.289999961853027},{"lapIndex":16,"distance":10.73,"duration":5.589,"movingDuration":5.0,"elapsedDuration":5.589,"averageSpeed":1.919999957084656,"maxSpeed":2.3889999389648438,