{"activityId":23410784987,"typeKey":"running","name":"Wolfratshausen Running","startTimeLocal":"2026-06-28 19:29:04","summary":{"duration":3687.413,"movingDuration":3680.644,"elapsedDuration":3904.237,"distance":10252.05,"calories":871.0,"bmrCalories":98.0,"averageHR":178.0,"maxHR":189.0,"minHR":110.0,"averageSpeed":2.7799999713897705,"maxSpeed":3.2839999198913574,"averageMovingSpeed":2.785395680079724,"elevationGain":202.4,"elevationLoss":184.06,"maxElevation":610.2,"minElevation":574.6,"avgElevation":594.22,"trainingEffect":4.199999809265137,"anaerobicTrainingEffect":0.0,"trainingEffectLabel":"VO2MAX","aerobicTrainingEffectMessage":"HIGHLY_IMPROVING_VO2_MAX_16","anaerobicTrainingEffectMessage":"NO_ANAEROBIC_BENEFIT_0","activityTrainingLoad":157.1819610595703,"moderateIntensityMinutes":1,"vigorousIntensityMinutes":63,"waterEstimated":1023.0,"averageTemperature":31.723965006042935,"maxTemperature":34.0,"minTemperature":30.0,"avgRespirationRate":36.540000915527344,"maxRespirationRate":41.5099983215332,"minRespirationRate":23.770000457763672},"running":{"averageRunCadence":144.453125,"maxRunCadence":158.0,"strideLength":114.3699951171875,"steps":8828,"groundContactTime":285.3999938964844,"groundContactBalanceLeft":50.65999984741211,"verticalOscillation":12.66999969482422,"verticalRatio":10.930000305175781,"lactateThresholdHeartRate":184.0,"lactateThresholdSpeed":3.4159998893737797,"maxVerticalSpeed":1.39996337890625},"laps":[{"lapIndex":1,"distance":1000.0,"duration":338.319,"movingDuration":338.0,"elapsedDuration":338.319,"averageSpeed":2.9560000896453857,"maxSpeed":3.2839999198913574,"averageHR":165.0,"maxHR":179.0,"calories":78.0,"elevationGain":38.29,"elevationLoss":24.61,"averageRunCadence":146.265625,"strideLength":121.55999755859375,"groundContactTime":287.1000061035156,"verticalOscillation":12.36999969482422,"verticalRatio":10.0600004196167},{"lapIndex":2,"distance":1000.0,"duration":325.865,"movingDuration":325.865,"elapsedDuration":325.865,"averageSpeed":3.069000005722046,"maxSpeed":3.2839999198913574,"averageHR":178.0,"maxHR":183.0,"calories":79.0,"elevationGain":8.61,"elevationLoss":14.8,"averageRunCadence":145.109375,"strideLength":125.18000488281251,"groundContactTime":282.8999938964844,"verticalOscillation":12.790000152587892,"verticalRatio":10.029999732971191},{"lapIndex":3,"distance":1000.0,"duration":327.544,"movingDuration":326.0,"elapsedDuration":327.544,"averageSpeed":3.052999973297119,"maxSpeed":3.2750000953674316,"averageHR":182.0,"maxHR":185.0,"calories":80.0,"elevationGain":8.9,"elevationLoss":16.45,"averageRunCadence":144.65625,"strideLength":124.5699951171875,"groundContactTime":284.3999938964844,"verticalOscillation":12.91999969482422,"verticalRatio":10.170000076293945},{"lapIndex":4,"distance":1000.0,"duration":350.543,"movingDuration":350.543,"elapsedDuration":350.543,"averageSpeed":2.8529999256134033,"maxSpeed":3.0980000495910645,"averageHR":184.0,"maxHR":186.0,"calories":85.0,"elevationGain":14.02,"elevationLoss":6.97,"averageRunCadence":144.515625,"strideLength":119.14000244140625,"groundContactTime":285.3999938964844,"verticalOscillation":13.089999389648439,"verticalRatio":10.770000457763672},{"lapIndex":5,"distance":1000.0,"duration":350.103,"movingDuration":346.0,"elapsedDuration":566.927,"averageSpeed":2.855999946594238,"maxSpeed":3.0320000648498535,"averageHR":173.0,"maxHR":189.0,"calories":82.0,"elevationGain":35.25,"elevationLoss":3.54,"averageRunCadence":147.375,"strideLength":115.23000488281251,"groundContactTime":280.29998779296875,"verticalOscillation":12.34000015258789,"verticalRatio":10.430000305175781},{"lapIndex":6,"distance":1000.0,"duration":359.847,"movingDuration":359.847,"elapsedDuration":359.847,"averageSpeed":2.7790000438690186,"maxSpeed":2.865000009536743,"averageHR":180.0,"maxHR":184.0,"calories":83.0,"elevationGain":7.93,"elevationLoss":5.74,"averageRunCadence":145.3125,"strideLength":115.2800048828125,"groundContactTime":284.8999938964844,"verticalOscillation":13.05,"verticalRatio":11.09000015258789},{"lapIndex":7,"distance":1000.0,"duration":367.21,"movingDuration":367.0,"elapsedDuration":367.21,"averageSpeed":2.7230000495910645,"maxSpeed":3.115999937057495,"averageHR":182.0,"maxHR":186.0,"calories":88.0,"elevationGain":16.18,"elevationLoss":21.22,"averageRunCadence":145.25,"strideLength":111.10999755859376,"groundContactTime":284.70001220703125,"verticalOscillation":13.089999389648439,"verticalRatio":11.5600004196167},{"lapIndex":8,"distance":1000.0,"duration":408.382,"movingDuration":408.0,"elapsedDuration":408.382,"averageSpeed":2.4489998817443848,"maxSpeed":2.9760000705718994,"averageHR":173.0,"maxHR":187.0,"calories":88.0,"elevationGain":30.13,"elevationLoss":35.02,"averageRunCadence":137.828125,"strideLength":102.50999755859375,"groundContactTime":282.79998779296875,"verticalOscillation":11.350000000000001,"verticalRatio":10.859999656677246},{"lapIndex":9,"distance":1000.0,"duration":385.624,"movingDuration":385.624,"elapsedDuration":385.624,"averageSpeed":2.5929999351501465,"maxSpeed":2.7809998989105225,"averageHR":181.0,"maxHR":184.0,"calories":92.0,"elevationGain":18.34,"elevationLoss":24.33,"averageRunCadence":144.375,"strideLength":108.14000244140625,"groundContactTime":289.79998779296875,"verticalOscillation":12.850000000000001,"verticalRatio":11.920000076293945},{"lapIndex":10,"distance":1000.0,"duration":381.211,"movingDuration":381.0,"elapsedDuration":381.211,"averageSpeed":2.622999906539917,"maxSpeed":2.799000024795532,"averageHR":183.0,"maxHR":187.0,"calories":93.0,"elevationGain":16.05,"elevationLoss":21.48,"averageRunCadence":144.734375,"strideLength":107.24000244140626,"groundContactTime":289.8999938964844,"verticalOscillation":12.969999694824219,"verticalRatio":11.859999656677246},{"lapIndex":11,"distance":252.05,"duration":92.765,"movingDuration":92.765,"elapsedDuration":92.765,"averageSpeed":2.7170000076293945,"maxSpeed":2.76200008392334,"averageHR":182.0,"maxHR":184.0,"calories":23.0,"elevationGain":7.5,"elevationLoss":9.26,"averageRunCadence":145.21875,"strideLength":109.68000488281251,"groundContactTime":287.3999938964844,"verticalOscillation":12.989999389648439,"verticalRatio":11.65999984741211}],"hrZones":[{"zone":1,"secs":7.006,"floor":101},{"zone":2,"secs":30.998,"floor":121},{"zone":3,"secs":163.002,"floor":141},{"zone":4,"secs":1263.98,"floor":161},{"zone":5,"secs":2222.406,"floor":181}],"weather":{"tempF":84,"apparentTempF":84,"dewPointF":59,"humidity":43,"windSpeed":4,"windGust":null,"windDirection":"nw","desc":"Light Rain"}}