{"activityId":23574175686,"typeKey":"running","name":"Wolfratshausen Running","startTimeLocal":"2026-07-12 19:26:29","summary":{"duration":3592.595,"movingDuration":3576.075,"elapsedDuration":3730.276,"distance":10154.28,"calories":848.0,"bmrCalories":95.0,"averageHR":176.0,"maxHR":192.0,"minHR":110.0,"averageSpeed":2.8259999752044678,"maxSpeed":3.4149999618530273,"averageMovingSpeed":2.8395042839154603,"elevationGain":366.49,"elevationLoss":298.19,"maxElevation":606.6,"minElevation":500.8,"avgElevation":575.81,"trainingEffect":4.5,"anaerobicTrainingEffect":0.5,"trainingEffectLabel":"VO2MAX","aerobicTrainingEffectMessage":"HIGHLY_IMPROVING_VO2_MAX_16","anaerobicTrainingEffectMessage":"NO_ANAEROBIC_BENEFIT_0","activityTrainingLoad":181.31533813476562,"moderateIntensityMinutes":1,"vigorousIntensityMinutes":60,"waterEstimated":997.0,"averageTemperature":29.451728909291486,"maxTemperature":32.0,"minTemperature":27.0,"avgRespirationRate":36.040000915527344,"maxRespirationRate":44.40999984741211,"minRespirationRate":22.56999969482422},"running":{"averageRunCadence":144.046875,"maxRunCadence":168.0,"strideLength":117.05999755859375,"steps":8584,"groundContactTime":289.3999938964844,"groundContactBalanceLeft":50.68000030517578,"verticalOscillation":12.75999984741211,"verticalRatio":10.720000267028809,"lactateThresholdHeartRate":184.0,"lactateThresholdSpeed":3.444000005722046,"maxVerticalSpeed":4.20001220703125},"laps":[{"lapIndex":1,"distance":1000.0,"duration":369.308,"movingDuration":364.0,"elapsedDuration":369.308,"averageSpeed":2.7079999446868896,"maxSpeed":3.013999938964844,"averageHR":158.0,"maxHR":169.0,"calories":83.0,"elevationGain":29.07,"elevationLoss":6.98,"averageRunCadence":143.0625,"strideLength":114.04000244140626,"groundContactTime":295.79998779296875,"verticalOscillation":12.10999984741211,"verticalRatio":10.149999618530273},{"lapIndex":2,"distance":1000.0,"duration":382.215,"movingDuration":381.0,"elapsedDuration":382.215,"averageSpeed":2.615999937057495,"maxSpeed":2.865000009536743,"averageHR":167.0,"maxHR":174.0,"calories":82.0,"elevationGain":6.97,"elevationLoss":10.39,"averageRunCadence":142.15625,"strideLength":110.65,"groundContactTime":300.5,"verticalOscillation":12.75,"verticalRatio":11.300000190734863},{"lapIndex":3,"distance":1000.0,"duration":401.495,"movingDuration":401.495,"elapsedDuration":401.495,"averageSpeed":2.490999937057495,"maxSpeed":2.63100004196167,"averageHR":168.0,"maxHR":174.0,"calories":85.0,"elevationGain":14.61,"elevationLoss":26.4,"averageRunCadence":140.484375,"strideLength":106.50999755859375,"groundContactTime":307.5,"verticalOscillation":12.889999389648438,"verticalRatio":11.90999984741211},{"lapIndex":4,"distance":1000.0,"duration":312.428,"movingDuration":312.0,"elapsedDuration":312.428,"averageSpeed":3.200999975204468,"maxSpeed":3.4059998989105225,"averageHR":182.0,"maxHR":186.0,"calories":80.0,"elevationGain":29.02,"elevationLoss":15.33,"averageRunCadence":146.453125,"strideLength":131.25999755859377,"groundContactTime":276.20001220703125,"verticalOscillation":12.75,"verticalRatio":9.510000228881836},{"lapIndex":5,"distance":1000.0,"duration":323.794,"movingDuration":316.0,"elapsedDuration":461.475,"averageSpeed":3.0880000591278076,"maxSpeed":3.3959999084472656,"averageHR":176.0,"maxHR":187.0,"calories":75.0,"elevationGain":68.93,"elevationLoss":12.06,"averageRunCadence":143.984375,"strideLength":126.54000244140626,"groundContactTime":279.20001220703125,"verticalOscillation":12.76999969482422,"verticalRatio":9.880000114440918},{"lapIndex":6,"distance":1000.0,"duration":327.274,"movingDuration":327.0,"elapsedDuration":327.274,"averageSpeed":3.055999994277954,"maxSpeed":3.0980000495910645,"averageHR":184.0,"maxHR":188.0,"calories":81.0,"elevationGain":34.06,"elevationLoss":47.62,"averageRunCadence":145.296875,"strideLength":125.85999755859376,"groundContactTime":282.0,"verticalOscillation":12.860000610351562,"verticalRatio":9.960000038146973},{"lapIndex":7,"distance":1000.0,"duration":327.035,"movingDuration":327.035,"elapsedDuration":327.035,"averageSpeed":3.0580000877380376,"maxSpeed":3.38700008392334,"averageHR":186.0,"maxHR":189.0,"calories":83.0,"elevationGain":43.29,"elevationLoss":41.17,"averageRunCadence":145.578125,"strideLength":123.6199951171875,"groundContactTime":276.3999938964844,"verticalOscillation":13.160000610351563,"verticalRatio":10.430000305175781},{"lapIndex":8,"distance":1000.0,"duration":319.074,"movingDuration":319.0,"elapsedDuration":319.074,"averageSpeed":3.134000062942505,"maxSpeed":3.4149999618530273,"averageHR":187.0,"maxHR":192.0,"calories":82.0,"elevationGain":38.46,"elevationLoss":35.86,"averageRunCadence":146.234375,"strideLength":124.16999511718751,"groundContactTime":274.1000061035156,"verticalOscillation":13.080000305175782,"verticalRatio":10.359999656677246},{"lapIndex":9,"distance":1000.0,"duration":380.832,"movingDuration":380.0,"elapsedDuration":380.832,"averageSpeed":2.6259999275207515,"maxSpeed":3.1630001068115234,"averageHR":180.0,"maxHR":190.0,"calories":90.0,"elevationGain":51.52,"elevationLoss":48.11,"averageRunCadence":144.109375,"strideLength":110.75999755859375,"groundContactTime":294.3999938964844,"verticalOscillation":12.690000152587892,"verticalRatio":11.279999732971191},{"lapIndex":10,"distance":1000.0,"duration":392.595,"movingDuration":392.0,"elapsedDuration":392.595,"averageSpeed":2.5469999313354488,"maxSpeed":2.882999897003174,"averageHR":181.0,"maxHR":184.0,"calories":93.0,"elevationGain":41.99,"elevationLoss":47.6,"averageRunCadence":144.125,"strideLength":106.25999755859375,"groundContactTime":297.70001220703125,"verticalOscillation":12.66999969482422,"verticalRatio":11.680000305175781},{"lapIndex":11,"distance":154.28,"duration":56.545,"movingDuration":56.545,"elapsedDuration":56.545,"averageSpeed":2.7279999256134033,"maxSpeed":2.753000020980835,"averageHR":185.0,"maxHR":187.0,"calories":14.0,"elevationGain":8.83,"elevationLoss":7.48,"averageRunCadence":146.140625,"strideLength":111.10000000000001,"groundContactTime":289.3999938964844,"verticalOscillation":12.36999969482422,"verticalRatio":10.9399995803833}],"hrZones":[{"zone":1,"secs":12.432,"floor":101},{"zone":2,"secs":37.0,"floor":121},{"zone":3,"secs":172.0,"floor":141},{"zone":4,"secs":1525.971,"floor":161},{"zone":5,"secs":1845.148,"floor":181}],"weather":{"tempF":79,"apparentTempF":79,"dewPointF":48,"humidity":34,"windSpeed":9,"windGust":null,"windDirection":"nne","desc":"Fair"}}