{"activityId":23681246933,"typeKey":"running","name":"Wolfratshausen Running","startTimeLocal":"2026-07-21 18:52:25","summary":{"duration":3675.363,"movingDuration":3647.846,"elapsedDuration":4091.488,"distance":9563.26,"calories":808.0,"bmrCalories":97.0,"averageHR":173.0,"maxHR":186.0,"minHR":113.0,"averageSpeed":2.6019999980926514,"maxSpeed":3.1540000438690186,"averageMovingSpeed":2.6216182656452056,"elevationGain":413.0,"elevationLoss":273.43,"maxElevation":598.2,"minElevation":505.0,"avgElevation":562.94,"trainingEffect":4.099999904632568,"anaerobicTrainingEffect":0.30000001192092896,"trainingEffectLabel":"LACTATE_THRESHOLD","aerobicTrainingEffectMessage":"HIGHLY_IMPROVING_LACTATE_THRESHOLD_13","anaerobicTrainingEffectMessage":"NO_ANAEROBIC_BENEFIT_0","activityTrainingLoad":155.4105224609375,"moderateIntensityMinutes":2,"vigorousIntensityMinutes":65,"waterEstimated":914.0,"averageTemperature":26.895504200462568,"maxTemperature":29.0,"minTemperature":25.0,"avgRespirationRate":35.459999084472656,"maxRespirationRate":48.279998779296875,"minRespirationRate":24.799999237060547},"running":{"averageRunCadence":149.234375,"maxRunCadence":160.0,"strideLength":103.85000000000001,"steps":9082,"groundContactTime":285.8999938964844,"groundContactBalanceLeft":50.220001220703125,"verticalOscillation":11.90999984741211,"verticalRatio":11.329999923706055,"lactateThresholdHeartRate":184.0,"lactateThresholdSpeed":3.444000005722046,"maxVerticalSpeed":2.79998779296875},"laps":[{"lapIndex":1,"distance":1000.0,"duration":380.528,"movingDuration":372.0,"elapsedDuration":380.528,"averageSpeed":2.628000020980835,"maxSpeed":3.134999990463257,"averageHR":157.0,"maxHR":169.0,"calories":79.0,"elevationGain":17.5,"elevationLoss":13.39,"averageRunCadence":149.921875,"strideLength":104.2,"groundContactTime":289.8999938964844,"verticalOscillation":11.10999984741211,"verticalRatio":10.609999656677246},{"lapIndex":2,"distance":1000.0,"duration":382.099,"movingDuration":382.0,"elapsedDuration":382.099,"averageSpeed":2.617000102996826,"maxSpeed":2.7149999141693115,"averageHR":170.0,"maxHR":178.0,"calories":81.0,"elevationGain":9.54,"elevationLoss":16.57,"averageRunCadence":147.609375,"strideLength":107.16999511718751,"groundContactTime":289.79998779296875,"verticalOscillation":12.180000305175781,"verticalRatio":11.130000114440918},{"lapIndex":3,"distance":1000.0,"duration":391.674,"movingDuration":391.674,"elapsedDuration":391.674,"averageSpeed":2.552999973297119,"maxSpeed":2.677999973297119,"averageHR":173.0,"maxHR":177.0,"calories":87.0,"elevationGain":23.81,"elevationLoss":49.62,"averageRunCadence":147.125,"strideLength":103.98000488281251,"groundContactTime":291.20001220703125,"verticalOscillation":12.26999969482422,"verticalRatio":11.579999923706055},{"lapIndex":4,"distance":1000.0,"duration":372.003,"movingDuration":372.003,"elapsedDuration":465.673,"averageSpeed":2.687999963760376,"maxSpeed":2.994999885559082,"averageHR":175.0,"maxHR":183.0,"calories":85.0,"elevationGain":72.88,"elevationLoss":17.31,"averageRunCadence":149.84375,"strideLength":107.8300048828125,"groundContactTime":281.8999938964844,"verticalOscillation":12.069999694824219,"verticalRatio":10.979999542236328},{"lapIndex":5,"distance":1000.0,"duration":387.974,"movingDuration":386.0,"elapsedDuration":461.658,"averageSpeed":2.5769999027252197,"maxSpeed":2.7149999141693115,"averageHR":173.0,"maxHR":181.0,"calories":83.0,"elevationGain":37.37,"elevationLoss":36.7,"averageRunCadence":149.796875,"strideLength":102.12999877929688,"groundContactTime":287.6000061035156,"verticalOscillation":11.65,"verticalRatio":11.239999771118164},{"lapIndex":6,"distance":1000.0,"duration":383.252,"movingDuration":383.252,"elapsedDuration":383.252,"averageSpeed":2.6089999675750732,"maxSpeed":2.677999973297119,"averageHR":179.0,"maxHR":183.0,"calories":87.0,"elevationGain":25.17,"elevationLoss":13.66,"averageRunCadence":149.421875,"strideLength":104.35999755859376,"groundContactTime":283.70001220703125,"verticalOscillation":12.11999969482422,"verticalRatio":11.390000343322754},{"lapIndex":7,"distance":1000.0,"duration":389.61,"movingDuration":374.0,"elapsedDuration":522.222,"averageSpeed":2.566999912261963,"maxSpeed":3.1540000438690186,"averageHR":172.0,"maxHR":186.0,"calories":86.0,"elevationGain":91.25,"elevationLoss":17.0,"averageRunCadence":146.65625,"strideLength":102.39000244140625,"groundContactTime":292.79998779296875,"verticalOscillation":11.690000152587892,"verticalRatio":11.579999923706055},{"lapIndex":8,"distance":1000.0,"duration":377.899,"movingDuration":377.0,"elapsedDuration":494.058,"averageSpeed":2.6459999084472656,"maxSpeed":2.9670000076293945,"averageHR":174.0,"maxHR":183.0,"calories":84.0,"elevationGain":68.32,"elevationLoss":42.18,"averageRunCadence":151.4375,"strideLength":100.95,"groundContactTime":276.5,"verticalOscillation":12.080000305175782,"verticalRatio":11.920000076293945},{"lapIndex":9,"distance":1000.0,"duration":389.407,"movingDuration":389.0,"elapsedDuration":389.407,"averageSpeed":2.568000078201294,"maxSpeed":2.7899999618530273,"averageHR":179.0,"maxHR":182.0,"calories":88.0,"elevationGain":39.25,"elevationLoss":43.46,"averageRunCadence":150.828125,"strideLength":102.07999877929689,"groundContactTime":280.8999938964844,"verticalOscillation":11.969999694824219,"verticalRatio":11.479999542236328},{"lapIndex":10,"distance":563.26,"duration":220.917,"movingDuration":220.917,"elapsedDuration":220.917,"averageSpeed":2.549999952316284,"maxSpeed":2.8459999561309814,"averageHR":179.0,"maxHR":184.0,"calories":50.0,"elevationGain":26.27,"elevationLoss":23.22,"averageRunCadence":150.1875,"strideLength":103.35000000000001,"groundContactTime":284.0,"verticalOscillation":11.980000305175782,"verticalRatio":11.369999885559082}],"hrZones":[{"zone":1,"secs":13.658,"floor":101},{"zone":2,"secs":28.902,"floor":121},{"zone":3,"secs":341.352,"floor":141},{"zone":4,"secs":2923.419,"floor":161},{"zone":5,"secs":367.992,"floor":181}],"weather":{"tempF":70,"apparentTempF":70,"dewPointF":45,"humidity":40,"windSpeed":11,"windGust":null,"windDirection":"n","desc":"Fair"}}