{"activityId":23702181861,"typeKey":"other","name":"Ehrwald Other","startTimeLocal":"2024-07-17 08:46:14","summary":{"duration":27690.984,"movingDuration":15807.98,"elapsedDuration":27690.984,"distance":13310.06,"averageSpeed":0.48066396919076576,"maxSpeed":16.504433553660263,"averageMovingSpeed":0.8419834969577387,"elevationGain":1409.89,"elevationLoss":1429.43,"maxElevation":2307.16,"minElevation":965.88,"avgElevation":1720.11},"laps":[{"lapIndex":1,"distance":13310.06,"duration":27690.984,"movingDuration":15807.98,"elapsedDuration":27690.984,"averageSpeed":0.48066396919076576,"maxSpeed":16.504433553660263,"elevationGain":1409.89,"elevationLoss":1429.43}]}