{"activityId":23702191188,"typeKey":"running","name":"Wolfratshausen Running","startTimeLocal":"2026-04-09 16:32:09","summary":{"duration":3500.52,"movingDuration":3490.0,"elapsedDuration":4015.9,"distance":10178.0,"calories":650.0,"averageSpeed":2.9079999923706055,"maxSpeed":3.7699999809265137,"averageMovingSpeed":2.9163323782234953,"elevationGain":98.14,"elevationLoss":98.38,"maxElevation":602.22,"minElevation":570.4,"avgElevation":583.7,"averageTemperature":26.271901073665422,"maxTemperature":29.0,"minTemperature":23.0},"running":{"averageRunCadence":164.0,"maxRunCadence":172.0,"strideLength":106.16482866972422,"steps":9420,"maxVerticalSpeed":9.84771728515625},"laps":[{"lapIndex":1,"distance":10173.0,"duration":3498.7,"movingDuration":3489.0,"elapsedDuration":4014.31,"averageSpeed":2.9076514539615195,"maxSpeed":3.7799999713897705,"elevationGain":98.14,"elevationLoss":98.38,"averageRunCadence":164.32590051457976,"strideLength":106.16651829771189,"averagePower":212.59148084619784,"maxPower":292.0,"normalizedPower":217.0},{"lapIndex":2,"distance":5.0,"duration":1.8,"movingDuration":1.0,"elapsedDuration":1.59,"averageSpeed":2.7777778513637608,"maxSpeed":2.5199999809265137,"elevationGain":0.0,"elevationLoss":0.0,"averageRunCadence":162.0,"strideLength":102.88066116162078,"averagePower":186.0,"maxPower":186.0}],"weather":{"tempF":59,"apparentTempF":59,"dewPointF":28,"humidity":31,"windSpeed":6,"windGust":null,"windDirection":"ne","desc":"Fair"}}