{"activityId":23702185825,"typeKey":"other","name":"Wolfratshausen Other","startTimeLocal":"2026-03-08 14:43:39","summary":{"duration":8676.0,"movingDuration":8613.001,"elapsedDuration":8676.0,"distance":58244.72,"averageSpeed":6.713314474041952,"maxSpeed":27.572596916526162,"averageMovingSpeed":6.7624183924729575,"elevationGain":620.92,"elevationLoss":619.83,"maxElevation":700.99,"minElevation":571.3,"avgElevation":617.64},"laps":[{"lapIndex":1,"distance":58244.72,"duration":8676.0,"movingDuration":8613.001,"elapsedDuration":8676.0,"averageSpeed":6.713314474041952,"maxSpeed":27.572596916526162,"elevationGain":620.92,"elevationLoss":619.83}],"weather":{"tempF":57,"apparentTempF":57,"dewPointF":39,"humidity":51,"windSpeed":6,"windGust":null,"windDirection":"n","desc":"Fair"}}