{"activityId":23702181289,"typeKey":"other","name":"Wolfratshausen Other","startTimeLocal":"2024-04-02 02:19:51","summary":{"duration":111434.998,"movingDuration":71483.957,"elapsedDuration":111434.998,"distance":360349.66,"averageSpeed":3.23372065965154,"maxSpeed":35.33646292733354,"averageMovingSpeed":5.040986402596862,"elevationGain":3757.39,"elevationLoss":4269.74,"maxElevation":1393.77,"minElevation":67.21,"avgElevation":615.4},"laps":[{"lapIndex":1,"distance":360349.66,"duration":111434.998,"movingDuration":71483.957,"elapsedDuration":111434.998,"averageSpeed":3.23372065965154,"maxSpeed":35.33646292733354,"elevationGain":3757.39,"elevationLoss":4269.74}]}