{"activityId":23702182521,"typeKey":"other","name":"Wolfratshausen Other","startTimeLocal":"2024-11-16 08:50:27","summary":{"duration":12107.999,"movingDuration":8656.001,"elapsedDuration":12107.999,"distance":43157.38,"averageSpeed":3.564369595965329,"maxSpeed":17.402067056223324,"averageMovingSpeed":4.985833932271798,"elevationGain":626.34,"elevationLoss":395.49,"maxElevation":884.13,"minElevation":576.5,"avgElevation":647.29},"laps":[{"lapIndex":1,"distance":43157.38,"duration":12107.999,"movingDuration":8656.001,"elapsedDuration":12107.999,"averageSpeed":3.564369595965329,"maxSpeed":17.402067056223324,"elevationGain":626.34,"elevationLoss":395.49}]}