{"activityId":23702183106,"typeKey":"other","name":"Garmisch-Partenkirchen Other","startTimeLocal":"2025-09-12 08:18:17","summary":{"duration":88754.999,"movingDuration":16486.886,"elapsedDuration":88754.999,"distance":19255.68,"averageSpeed":0.21695318935654384,"maxSpeed":16.687444864584176,"averageMovingSpeed":1.1679391793202705,"elevationGain":2152.08,"elevationLoss":457.64,"maxElevation":2435.22,"minElevation":733.58,"avgElevation":1857.21},"laps":[{"lapIndex":1,"distance":19255.68,"duration":88754.999,"movingDuration":16486.886,"elapsedDuration":88754.999,"averageSpeed":0.21695318935654384,"maxSpeed":16.687444864584176,"elevationGain":2152.08,"elevationLoss":457.64}]}