{"activityId":23702183857,"typeKey":"other","name":"Wolfratshausen Other","startTimeLocal":"2026-02-27 14:40:25","summary":{"duration":30101.0,"movingDuration":24786.0,"elapsedDuration":30101.0,"distance":146968.49,"averageSpeed":4.882511987163763,"maxSpeed":25.28504118574129,"averageMovingSpeed":5.929496220673623,"elevationGain":1302.22,"elevationLoss":1322.94,"maxElevation":679.8,"minElevation":480.02,"avgElevation":554.52},"laps":[{"lapIndex":1,"distance":146968.49,"duration":30101.0,"movingDuration":24786.0,"elapsedDuration":30101.0,"averageSpeed":4.882511987163763,"maxSpeed":25.28504118574129,"elevationGain":1302.22,"elevationLoss":1322.94}],"weather":{"tempF":64,"apparentTempF":64,"dewPointF":36,"humidity":34,"windSpeed":5,"windGust":null,"windDirection":"nne","desc":"Fair"}}